src_system;src_name;src_column_name;src_column_order;is_nullable;is_primary_key;bronze_col_name;bronze_col_datatype
datasphere;I_PAYMENTTERMSTEXT;__operation_type;1;0;0;__change_type;STRING
datasphere;I_PAYMENTTERMSTEXT;__sequence_number;2;1;0;__sequence_number;"DECIMAL(20;0)"
datasphere;I_PAYMENTTERMSTEXT;__timestamp;3;0;0;__extract_timestamp;TIMESTAMP
datasphere;I_PAYMENTTERMSTEXT;LANGUAGE;4;0;1;language;STRING
datasphere;I_PAYMENTTERMSTEXT;PAYMENTTERMS;5;0;1;payment_terms;STRING
datasphere;I_PAYMENTTERMSTEXT;PAYMENTTERMSNAME;6;1;0;payment_terms_name;STRING
datasphere;I_PAYMENTTERMSTEXT;PAYMENTTERMSDESCRIPTION;7;1;0;payment_terms_description;STRING
datasphere;I_EXCHANGERATEFACTORSRAWDATA;__operation_type;1;0;0;__change_type;STRING
datasphere;I_EXCHANGERATEFACTORSRAWDATA;__sequence_number;2;1;0;__sequence_number;"DECIMAL(20;0)"
datasphere;I_EXCHANGERATEFACTORSRAWDATA;__timestamp;3;0;0;__extract_timestamp;TIMESTAMP
datasphere;I_EXCHANGERATEFACTORSRAWDATA;EXCHANGERATETYPE;4;0;1;exchange_rate_type;STRING
datasphere;I_EXCHANGERATEFACTORSRAWDATA;SOURCECURRENCY;5;0;1;from_currency;STRING
datasphere;I_EXCHANGERATEFACTORSRAWDATA;TARGETCURRENCY;6;0;1;to_currency;STRING
datasphere;I_EXCHANGERATEFACTORSRAWDATA;VALIDITYSTARTDATE;7;0;1;validity_start_date;STRING
datasphere;I_EXCHANGERATEFACTORSRAWDATA;NUMBEROFSOURCECURRENCYUNITS;8;1;0;ratio_from_currency_units;"DECIMAL(9;0)"
datasphere;I_EXCHANGERATEFACTORSRAWDATA;NUMBEROFTARGETCURRENCYUNITS;9;1;0;ratio_to_currency_units;"DECIMAL(9;0)"
datasphere;I_EXCHANGERATEFACTORSRAWDATA;ALTERNATIVEEXCHANGERATETYPE;10;1;0;alternative_exchange_rate_type;STRING
datasphere;I_EXCHANGERATEFACTORSRAWDATA;ALTVEXCHANGERATETYPEVALDTYDATE;11;1;0;alternative_exchange_rate_type_date_valid_from;STRING
datasphere;I_EXCHANGERATERAWDATA;__operation_type;1;0;0;__change_type;STRING
datasphere;I_EXCHANGERATERAWDATA;__sequence_number;2;1;0;__sequence_number;"DECIMAL(20;0)"
datasphere;I_EXCHANGERATERAWDATA;__timestamp;3;0;0;__extract_timestamp;TIMESTAMP
datasphere;I_EXCHANGERATERAWDATA;EXCHANGERATETYPE;4;0;1;exchange_rate_type;STRING
datasphere;I_EXCHANGERATERAWDATA;SOURCECURRENCY;5;0;1;from_currency;STRING
datasphere;I_EXCHANGERATERAWDATA;TARGETCURRENCY;6;0;1;to_currency;STRING
datasphere;I_EXCHANGERATERAWDATA;VALIDITYSTARTDATE;7;0;1;validity_start_date;STRING
datasphere;I_EXCHANGERATERAWDATA;EXCHANGERATE;8;1;0;exchange_rate;"DECIMAL(9;5)"
datasphere;I_EXCHANGERATERAWDATA;NUMBEROFSOURCECURRENCYUNITS;9;1;0;ratio_from_currency_units;"DECIMAL(9;0)"
datasphere;I_EXCHANGERATERAWDATA;NUMBEROFTARGETCURRENCYUNITS;10;1;0;ratio_to_currency_units;"DECIMAL(9;0)"
datasphere;I_EXCHANGERATESPREADRAWDATA;__operation_type;1;0;0;__change_type;STRING
datasphere;I_EXCHANGERATESPREADRAWDATA;__sequence_number;2;1;0;__sequence_number;"DECIMAL(20;0)"
datasphere;I_EXCHANGERATESPREADRAWDATA;__timestamp;3;0;0;__extract_timestamp;TIMESTAMP
datasphere;I_EXCHANGERATESPREADRAWDATA;EXCHANGERATETYPE;4;0;1;exchange_rate_type;STRING
datasphere;I_EXCHANGERATESPREADRAWDATA;SOURCECURRENCY;5;0;1;from_currency;STRING
datasphere;I_EXCHANGERATESPREADRAWDATA;TARGETCURRENCY;6;0;1;to_currency;STRING
datasphere;I_EXCHANGERATESPREADRAWDATA;VALIDITYSTARTDATE;7;0;1;validity_start_date;STRING
datasphere;I_EXCHANGERATESPREADRAWDATA;CURRENCYCONVERSIONSPREADRATIO;8;1;0;spread_buying_selling_rates;"DECIMAL(9;5)"
datasphere;I_EXCHANGERATETYPETEXT;__operation_type;1;0;0;__change_type;STRING
datasphere;I_EXCHANGERATETYPETEXT;__sequence_number;2;1;0;__sequence_number;"DECIMAL(20;0)"
datasphere;I_EXCHANGERATETYPETEXT;__timestamp;3;0;0;__extract_timestamp;TIMESTAMP
datasphere;I_EXCHANGERATETYPETEXT;EXCHANGERATETYPE;4;0;1;exchange_rate_type;STRING
datasphere;I_EXCHANGERATETYPETEXT;LANGUAGE;5;0;1;language_key;STRING
datasphere;I_EXCHANGERATETYPETEXT;EXCHANGERATETYPENAME;6;1;0;exchange_rate_type_name;STRING
datasphere;I_EXCHANGERATETYPE;__operation_type;1;0;0;__change_type;STRING
datasphere;I_EXCHANGERATETYPE;__sequence_number;2;1;0;__sequence_number;"DECIMAL(20;0)"
datasphere;I_EXCHANGERATETYPE;__timestamp;3;0;0;__extract_timestamp;TIMESTAMP
datasphere;I_EXCHANGERATETYPE;EXCHANGERATETYPE;4;0;1;exchange_rate_type;STRING
datasphere;I_EXCHANGERATETYPE;REFERENCECURRENCY;5;1;0;reference_currency__translation;STRING
datasphere;I_EXCHANGERATETYPE;BUYINGRATEAVGEXCHANGERATETYPE;6;1;0;buying_rate_avg_rate_type;STRING
datasphere;I_EXCHANGERATETYPE;INVERTEDEXCHANGERATEISALLOWED;7;1;0;inverted_exc_rate_is_allowed;STRING
datasphere;I_EXCHANGERATETYPE;SELLINGRATEAVGEXCHANGERATETYPE;8;1;0;selling_rate_avg_rate_type;STRING
datasphere;I_EXCHANGERATETYPE;FIXEDEXCHANGERATEISUSED;9;1;0;fixed_exchange_rates_used;STRING
datasphere;I_EXCHANGERATETYPE;SPECIALCONVERSIONISUSED;10;1;0;special_translation_model_used;STRING
datasphere;I_EXCHANGERATETYPE;SOURCECURRENCYISBASECURRENCY;11;1;0;base_curr_is_from;STRING
datasphere;I_PLANT;__operation_type;1;0;0;__change_type;STRING
datasphere;I_PLANT;__sequence_number;2;1;0;__sequence_number;"DECIMAL(20;0)"
datasphere;I_PLANT;__timestamp;3;0;0;__extract_timestamp;TIMESTAMP
datasphere;I_PLANT;PLANT;4;0;1;plant;STRING
datasphere;I_PLANT;PLANTNAME;5;1;0;plant_name;STRING
datasphere;I_PLANT;VALUATIONAREA;6;1;0;valuation_area;STRING
datasphere;I_PLANT;PLANTCUSTOMER;7;1;0;plant_customer;STRING
datasphere;I_PLANT;PLANTSUPPLIER;8;1;0;plant_supplier;STRING
datasphere;I_PLANT;FACTORYCALENDAR;9;1;0;factory_calendar;STRING
datasphere;I_PLANT;DEFAULTPURCHASINGORGANIZATION;10;1;0;default_purchaising_organization;STRING
datasphere;I_PLANT;SALESORGANIZATION;11;1;0;sales_organization;STRING
datasphere;I_PLANT;ADDRESSID;12;1;0;address_id;STRING
datasphere;I_PLANT;PLANTCATEGORY;13;1;0;plant_category;STRING
datasphere;I_PLANT;DISTRIBUTIONCHANNEL;14;1;0;distribution_channel;STRING
datasphere;I_PLANT;DIVISION;15;1;0;division;STRING
datasphere;I_PLANT;LANGUAGE;16;1;0;language;STRING
datasphere;I_PLANT;ISMARKEDFORARCHIVING;17;1;0;is_marked_for_archiving;STRING
datasphere;I_CUSTOMERPAYMENTTERMSTEXT;__operation_type;1;0;0;__change_type;STRING
datasphere;I_CUSTOMERPAYMENTTERMSTEXT;__sequence_number;2;1;0;__sequence_number;"DECIMAL(20;0)"
datasphere;I_CUSTOMERPAYMENTTERMSTEXT;__timestamp;3;0;0;__extract_timestamp;TIMESTAMP
datasphere;I_CUSTOMERPAYMENTTERMSTEXT;CUSTOMERPAYMENTTERMS;4;0;1;terms_of_payment_key;STRING
datasphere;I_CUSTOMERPAYMENTTERMSTEXT;LANGUAGE;5;0;1;language_key;STRING
datasphere;I_CUSTOMERPAYMENTTERMSTEXT;CUSTOMERPAYMENTTERMSNAME;6;1;0;payment_terms_description;STRING
datasphere;I_DISTRIBUTIONCHANNELTEXT;__operation_type;1;0;0;__change_type;STRING
datasphere;I_DISTRIBUTIONCHANNELTEXT;__sequence_number;2;1;0;__sequence_number;"DECIMAL(20;0)"
datasphere;I_DISTRIBUTIONCHANNELTEXT;__timestamp;3;0;0;__extract_timestamp;TIMESTAMP
datasphere;I_DISTRIBUTIONCHANNELTEXT;DISTRIBUTIONCHANNEL;4;0;1;distribution_channel;STRING
datasphere;I_DISTRIBUTIONCHANNELTEXT;LANGUAGE;5;0;1;language_key;STRING
datasphere;I_DISTRIBUTIONCHANNELTEXT;DISTRIBUTIONCHANNELNAME;6;1;0;distribution_channel_name;STRING
datasphere;I_DISTRIBUTIONCHANNEL;__operation_type;1;0;0;__change_type;STRING
datasphere;I_DISTRIBUTIONCHANNEL;__sequence_number;2;1;0;__sequence_number;"DECIMAL(20;0)"
datasphere;I_DISTRIBUTIONCHANNEL;__timestamp;3;0;0;__extract_timestamp;TIMESTAMP
datasphere;I_DISTRIBUTIONCHANNEL;DISTRIBUTIONCHANNEL;4;0;1;distribution_channel;STRING
datasphere;I_DISTRIBUTIONCHANNEL;DISTRIBUTIONCHANNELOID;5;1;0;distribution_channel_oid;STRING
datasphere;I_DIVISION;__operation_type;1;0;0;__change_type;STRING
datasphere;I_DIVISION;__sequence_number;2;1;0;__sequence_number;"DECIMAL(20;0)"
datasphere;I_DIVISION;__timestamp;3;0;0;__extract_timestamp;TIMESTAMP
datasphere;I_DIVISION;DIVISION;4;0;1;division;STRING
datasphere;I_DIVISION;DIVISIONOID;5;1;0;division_oid;STRING
datasphere;I_DIVISIONTEXT;__operation_type;1;0;0;__change_type;STRING
datasphere;I_DIVISIONTEXT;__sequence_number;2;1;0;__sequence_number;"DECIMAL(20;0)"
datasphere;I_DIVISIONTEXT;__timestamp;3;0;0;__extract_timestamp;TIMESTAMP
datasphere;I_DIVISIONTEXT;DIVISION;4;0;1;division;STRING
datasphere;I_DIVISIONTEXT;LANGUAGE;5;0;1;language_key;STRING
datasphere;I_DIVISIONTEXT;DIVISIONNAME;6;1;0;division_name;STRING
datasphere;I_SALESORGANIZATION;__operation_type;1;0;0;__change_type;STRING
datasphere;I_SALESORGANIZATION;__sequence_number;2;1;0;__sequence_number;"DECIMAL(20;0)"
datasphere;I_SALESORGANIZATION;__timestamp;3;0;0;__extract_timestamp;TIMESTAMP
datasphere;I_SALESORGANIZATION;SALESORGANIZATION;4;0;1;sales_organization;STRING
datasphere;I_SALESORGANIZATION;SALESORGANIZATIONCURRENCY;5;1;0;currency_key;STRING
datasphere;I_SALESORGANIZATION;COMPANYCODE;6;1;0;company_code;STRING
datasphere;I_SALESORGANIZATION;INTERCOMPANYBILLINGCUSTOMER;7;1;0;customer_code;STRING
datasphere;I_SALESORGANIZATION;ARGENTINADELIVERYDATEEVENT;8;1;0;deliveries_numbering_time;STRING
datasphere;I_SALESORGANIZATION;ADDRESSID;9;1;0;customer_address;STRING
datasphere;I_SALESORGANIZATIONTEXT;__operation_type;1;0;0;__change_type;STRING
datasphere;I_SALESORGANIZATIONTEXT;__sequence_number;2;1;0;__sequence_number;"DECIMAL(20;0)"
datasphere;I_SALESORGANIZATIONTEXT;__timestamp;3;0;0;__extract_timestamp;TIMESTAMP
datasphere;I_SALESORGANIZATIONTEXT;SALESORGANIZATION;4;0;1;sales_organization;STRING
datasphere;I_SALESORGANIZATIONTEXT;LANGUAGE;5;0;1;language_key;STRING
datasphere;I_SALESORGANIZATIONTEXT;SALESORGANIZATIONNAME;6;1;0;sales_organization_name;STRING
datasphere;I_UNITOFMEASURETEXT;__operation_type;1;0;0;__change_type;STRING
datasphere;I_UNITOFMEASURETEXT;__sequence_number;2;1;0;__sequence_number;"DECIMAL(20;0)"
datasphere;I_UNITOFMEASURETEXT;__timestamp;3;0;0;__extract_timestamp;TIMESTAMP
datasphere;I_UNITOFMEASURETEXT;LANGUAGE;4;0;1;language;STRING
datasphere;I_UNITOFMEASURETEXT;UNITOFMEASURE;5;0;1;unit_of_measure;STRING
datasphere;I_UNITOFMEASURETEXT;UNITOFMEASURELONGNAME;6;1;0;unit_of_measure_long_name;STRING
datasphere;I_UNITOFMEASURETEXT;UNITOFMEASURENAME;7;1;0;unit_of_measure_name;STRING
datasphere;I_UNITOFMEASURETEXT;UNITOFMEASURETECHNICALNAME;8;1;0;unit_of_measure_technical_name;STRING
datasphere;I_UNITOFMEASURETEXT;UNITOFMEASURE_E;9;1;0;unit_of_measure_e;STRING
datasphere;I_UNITOFMEASURETEXT;UNITOFMEASURECOMMERCIALNAME;10;1;0;unit_of_measure_commercial_name;STRING
datasphere;ZSD_CUST_MAT_CMIR_PROJ;__operation_type;1;0;0;__change_type;STRING
datasphere;ZSD_CUST_MAT_CMIR_PROJ;__sequence_number;2;1;0;__sequence_number;"DECIMAL(20;0)"
datasphere;ZSD_CUST_MAT_CMIR_PROJ;__timestamp;3;0;0;__extract_timestamp;TIMESTAMP
datasphere;ZSD_CUST_MAT_CMIR_PROJ;KUNNR;4;0;1;customer_number;STRING
datasphere;ZSD_CUST_MAT_CMIR_PROJ;MATNR;5;0;1;material_number;STRING
datasphere;ZSD_CUST_MAT_CMIR_PROJ;VKORG;6;0;1;sales_organization;STRING
datasphere;ZSD_CUST_MAT_CMIR_PROJ;VTWEG;7;0;1;distribution_channel;STRING
datasphere;ZSD_CUST_MAT_CMIR_PROJ;KDMAT;8;1;0;customer_material_number ;STRING
datasphere;ZSD_CUST_MAT_CMIR_PROJ;CUST_PROJ;9;1;0;characteristic_value;STRING
datasphere;I_SUPPLIER;__operation_type;1;0;0;__change_type;STRING
datasphere;I_SUPPLIER;__sequence_number;2;1;0;__sequence_number;"DECIMAL(20;0)"
datasphere;I_SUPPLIER;__timestamp;3;0;0;__extract_timestamp;TIMESTAMP
datasphere;I_SUPPLIER;SUPPLIER;4;0;1;supplier;STRING
datasphere;I_SUPPLIER;SUPPLIERACCOUNTGROUP;5;1;0;supplier_group;STRING
datasphere;I_SUPPLIER;SUPPLIERNAME;6;1;0;supplier_name;STRING
datasphere;I_SUPPLIER;SUPPLIERFULLNAME;7;1;0;supplier_fullname;STRING
datasphere;I_SUPPLIER;ISBUSINESSPURPOSECOMPLETED;8;1;0;is_business_purpose_completed;STRING
datasphere;I_SUPPLIER;CREATEDBYUSER;9;1;0;created_by_user;STRING
datasphere;I_SUPPLIER;CREATIONDATE;10;1;0;creation_date;STRING
datasphere;I_SUPPLIER;ISONETIMEACCOUNT;11;1;0;is_one_time_account;STRING
datasphere;I_SUPPLIER;AUTHORIZATIONGROUP;12;1;0;auth_group;STRING
datasphere;I_SUPPLIER;VATREGISTRATION;13;1;0;vat_registration;STRING
datasphere;I_SUPPLIER;ACCOUNTISBLOCKEDFORPOSTING;14;1;0;account_is_blocked_for_posting;STRING
datasphere;I_SUPPLIER;TAXJURISDICTION;15;1;0;tax_jurisdition;STRING
datasphere;I_SUPPLIER;SUPPLIERCORPORATEGROUP;16;1;0;supplier_corporate_group;STRING
datasphere;I_SUPPLIER;CUSTOMER;17;1;0;customer;STRING
datasphere;I_SUPPLIER;INDUSTRY;18;1;0;industry;STRING
datasphere;I_SUPPLIER;TAXNUMBER1;19;1;0;taxnumber1;STRING
datasphere;I_SUPPLIER;TAXNUMBER2;20;1;0;taxnumber2;STRING
datasphere;I_SUPPLIER;TAXNUMBER3;21;1;0;taxnumber3;STRING
datasphere;I_SUPPLIER;TAXNUMBER4;22;1;0;taxnumber4;STRING
datasphere;I_SUPPLIER;TAXNUMBER5;23;1;0;taxnumber5;STRING
datasphere;I_SUPPLIER;TAXNUMBER6;24;1;0;taxnumber6;STRING
datasphere;I_SUPPLIER;POSTINGISBLOCKED;25;1;0;posting_is_blocked;STRING
datasphere;I_SUPPLIER;PURCHASINGISBLOCKED;26;1;0;purchasing_is_blocked;STRING
datasphere;I_SUPPLIER;INTERNATIONALLOCATIONNUMBER1;27;1;0;international_location_number1;STRING
datasphere;I_SUPPLIER;INTERNATIONALLOCATIONNUMBER2;28;1;0;international_location_number2;STRING
datasphere;I_SUPPLIER;INTERNATIONALLOCATIONNUMBER3;29;1;0;international_location_number3;STRING
datasphere;I_SUPPLIER;ADDRESSID;30;1;0;addressid;STRING
datasphere;I_SUPPLIER;REGION;31;1;0;region;STRING
datasphere;I_SUPPLIER;ORGANIZATIONBPNAME1;32;1;0;organization_bp_name1;STRING
datasphere;I_SUPPLIER;ORGANIZATIONBPNAME2;33;1;0;organization_bp_name2;STRING
datasphere;I_SUPPLIER;CITYNAME;34;1;0;city_name;STRING
datasphere;I_SUPPLIER;POSTALCODE;35;1;0;postal_code;STRING
datasphere;I_SUPPLIER;STREETNAME;36;1;0;street_name;STRING
datasphere;I_SUPPLIER;COUNTRY;37;1;0;country;STRING
datasphere;I_SUPPLIER;CONCATENATEDINTERNATIONALLOCNO;38;1;0;concatenated_international_loc_num;STRING
datasphere;I_SUPPLIER;SUPPLIERPROCUREMENTBLOCK;39;1;0;supplier_procurement_block;STRING
datasphere;I_SUPPLIER;SUPLRQUALITYMANAGEMENTSYSTEM;40;1;0;supplier_quality_management_system;STRING
datasphere;I_SUPPLIER;SUPLRQLTYINPROCMTCERTFNVALIDTO;41;1;0;date_supplier_qlty_procmt_cert_valid_to;STRING
datasphere;I_SUPPLIER;SUPPLIERLANGUAGE;42;1;0;supplier_language;STRING
datasphere;I_SUPPLIER;ALTERNATIVEPAYEEACCOUNTNUMBER;43;1;0;alternative_payee_account_number;STRING
datasphere;I_SUPPLIER;PHONENUMBER1;44;1;0;phonenumber1;STRING
datasphere;I_SUPPLIER;FAXNUMBER;45;1;0;faxnumber;STRING
datasphere;I_SUPPLIER;ISNATURALPERSON;46;1;0;is_natural_person;STRING
datasphere;I_SUPPLIER;TAXNUMBERRESPONSIBLE;47;1;0;tax_number_responsible;STRING
datasphere;I_SUPPLIER;UK_CONTRACTORBUSINESSTYPE;48;1;0;uk_contractor_business_type;STRING
datasphere;I_SUPPLIER;UK_PARTNERTRADINGNAME;49;1;0;uk_partner_trading_name;STRING
datasphere;I_SUPPLIER;UK_PARTNERTAXREFERENCE;50;1;0;uk_partner_tax_reference;STRING
datasphere;I_SUPPLIER;UK_VERIFICATIONSTATUS;51;1;0;uk_verification_status;STRING
datasphere;I_SUPPLIER;UK_VERIFICATIONNUMBER;52;1;0;uk_verification_number;STRING
datasphere;I_SUPPLIER;UK_COMPANYREGISTRATIONNUMBER;53;1;0;uk_company_registration_number;STRING
datasphere;I_SUPPLIER;UK_VERIFIEDTAXSTATUS;54;1;0;uk_verified_tax_status;STRING
datasphere;I_SUPPLIER;FORMOFADDRESS;55;1;0;form_of_address;STRING
datasphere;I_SUPPLIER;REFERENCEACCOUNTGROUP;56;1;0;reference_account_group;STRING
datasphere;I_SUPPLIER;VATLIABILITY;57;1;0;vat_liability;STRING
datasphere;I_SUPPLIER;RESPONSIBLETYPE;58;1;0;responsible_type;STRING
datasphere;I_SUPPLIER;TAXNUMBERTYPE;59;1;0;tax_number_type;STRING
datasphere;I_SUPPLIER;FISCALADDRESS;60;1;0;fiscal_address;STRING
datasphere;I_SUPPLIER;BUSINESSTYPE;61;1;0;business_type;STRING
datasphere;I_SUPPLIER;BIRTHDATE;62;1;0;birth_date;STRING
datasphere;I_SUPPLIER;PAYMENTISBLOCKEDFORSUPPLIER;63;1;0;payment_is_blocked_for_supplier;STRING
datasphere;I_SUPPLIER;SORTFIELD;64;1;0;sort_field;STRING
datasphere;I_SUPPLIER;PHONENUMBER2;65;1;0;phonenumber2;STRING
datasphere;I_SUPPLIER;DELETIONINDICATOR;66;1;0;deletion_indicator;STRING
datasphere;I_SUPPLIER;TAXINVOICEREPRESENTATIVENAME;67;1;0;tax_invoice_representative_name;STRING
datasphere;I_SUPPLIER;INDUSTRYTYPE;68;1;0;industry_type;STRING
datasphere;I_SUPPLIER;IN_GSTSUPPLIERCLASSIFICATION;69;1;0;in_gst_supplier_classification;STRING
datasphere;I_SUPPLIER;SUPLRPROOFOFDELIVRLVTCODE;70;1;0;supplier_proof_of_deliver_lvt_code;STRING
datasphere;I_SUPPLIER;TRADINGPARTNER;71;1;0;trading_partner;STRING
datasphere;I_SUPPLIER;BR_TAXISSPLIT;72;1;0;br_tax_is_split;STRING
datasphere;I_SUPPLIER;AU_PAYERISPAYINGTOCARRYONENT;73;1;0;au_payer_is_paying_to_carryonent;STRING
datasphere;I_SUPPLIER;AU_INDIVIDUALISUNDER18;74;1;0;au_individual_is_under18;STRING
datasphere;I_SUPPLIER;AU_PAYMENTISEXCEEDING75;75;1;0;au_payment_is_exceeding75;STRING
datasphere;I_SUPPLIER;AU_PAYMENTISWHOLLYINPUTTAXED;76;1;0;au_payment_is_wholly_input_taxed;STRING
datasphere;I_SUPPLIER;AU_PARTNERISSUPPLYWITHOUTGAIN;77;1;0;au_partner_is_supply_without_gain;STRING
datasphere;I_SUPPLIER;AU_SUPPLIERISENTITLEDTOABN;78;1;0;au_supplier_is_entitled_to_abn;STRING
datasphere;I_SUPPLIER;AU_PAYMENTISINCOMEEXEMPTED;79;1;0;au_payment_is_income_exempted;STRING
datasphere;I_SUPPLIER;AU_SUPPLYISMADEASPRIVATEHOBBY;80;1;0;au_supply_is_made_as_private_hobby;STRING
datasphere;I_SUPPLIER;AU_SUPPLYMADEISOFDMSTCNATURE;81;1;0;au_supply_made_is_domestic_nature;STRING
datasphere;I_SUPPLIER;ISTOBEACCEPTEDATORIGIN;82;1;0;is_accepted_at_origin;STRING
datasphere;I_SUPPLIER;BPISEQUALIZATIONTAXSUBJECT;83;1;0;bp_is_equalization_tax_subject;STRING
datasphere;I_SUPPLIER;BRSPCFCTAXBASEPERCENTAGECODE;84;1;0;brspcfc_tax_base_percentage_code;STRING
datasphere;I_SUPPLIER;DATAMEDIUMEXCHANGEINDICATOR;85;1;0;data_medium_exchange_indicator;STRING
datasphere;I_SUPPLIER;DATAEXCHANGEINSTRUCTIONKEY;86;1;0;data_exchange_instruction_key;STRING
datasphere;I_SUPPLIER;SUPPLIERISSUBRANGERELEVANT;87;1;0;supplier_is_subrange_relevant;STRING
datasphere;I_SUPPLIER;TRAINSTATIONNAME;88;1;0;train_station_name;STRING
datasphere;I_SUPPLIER;ALTERNATIVEPAYEEISALLOWED;89;1;0;alternative_payee_is_allowed;STRING
datasphere;I_SUPPLIER;PAYTSLIPWTHREFSUBSCRIBER;90;1;0;ISR_subscriber_num_information;STRING
datasphere;I_SUPPLIER;TRANSPSERVICEAGENTSTSTCGRP;91;1;0;transp_service_agent_stat_group;STRING
datasphere;I_SUPPLIER;SUPPLIERISPLANTRELEVANT;92;1;0;supplier_is_plant_relevant;STRING
datasphere;I_SUPPLIER;SUPLRTAXAUTHORITYACCOUNTNUMBER;93;1;0;suplr_tax_authority_account_number;STRING
datasphere;I_SUPPLIER;SUPPLIERPLANT;94;1;0;supplier_plant;STRING
datasphere;I_SUPPLIER;FACTORYCALENDAR;95;1;0;factory_calendar;STRING
datasphere;I_SUPPLIER;PAYMENTREASON;96;1;0;payment_reason;STRING
datasphere;I_SUPPLIER;SUPPLIERCENTRALDELETIONISBLOCK;97;1;0;supplier_central_deletion_is_block;STRING
datasphere;I_SUPPLIER;ZZ1_QUALIFICATION_STAT_SUP;98;1;0;zz1_qualification_stat_sup;STRING
datasphere;I_SUPPLIER;ZZ1_COMMODITY_CODE_SUP;99;1;0;zz1_commodity_code_sup;STRING
datasphere;I_SUPPLIER;ZZ1_SUPPLIER_EXT_ID_SUP;100;1;0;zz1_supplier_ext_id_sup;STRING
datasphere;I_CUSTOMERCOMPANY;__operation_type;1;0;0;__change_type;STRING
datasphere;I_CUSTOMERCOMPANY;__sequence_number;2;1;0;__sequence_number;"DECIMAL(20;0)"
datasphere;I_CUSTOMERCOMPANY;__timestamp;3;0;0;__extract_timestamp;TIMESTAMP
datasphere;I_CUSTOMERCOMPANY;CUSTOMER;4;0;1;customer_code;STRING
datasphere;I_CUSTOMERCOMPANY;COMPANYCODE;5;0;1;company_code;STRING
datasphere;I_CUSTOMERCOMPANY;ACCOUNTINGCLERK;6;1;0;accounting_clerk_abbreviation;STRING
datasphere;I_CUSTOMERCOMPANY;RECONCILIATIONACCOUNT;7;1;0;reconciliation_glaccount;STRING
datasphere;I_CUSTOMERCOMPANY;AUTHORIZATIONGROUP;8;1;0;authorization_group;STRING
datasphere;I_CUSTOMERCOMPANY;CUSTOMERHEADOFFICE;9;1;0;head_office_account_number;STRING
datasphere;I_CUSTOMERCOMPANY;ALTERNATIVEPAYERACCOUNT;10;1;0;alternative_payer_account_number;STRING
datasphere;I_CUSTOMERCOMPANY;PAYMENTBLOCKINGREASON;11;1;0;block_key_payment;STRING
datasphere;I_CUSTOMERCOMPANY;INTERESTCALCULATIONCODE;12;1;0;interest_indicator;STRING
datasphere;I_CUSTOMERCOMPANY;INTERESTCALCULATIONDATE;13;1;0;date_last_interest_calculation;STRING
datasphere;I_CUSTOMERCOMPANY;INTRSTCALCFREQUENCYINMONTHS;14;1;0;interest_calculation_month_frequency;STRING
datasphere;I_CUSTOMERCOMPANY;CUSTOMERACCOUNTNOTE;15;1;0;memo;STRING
datasphere;I_CUSTOMERCOMPANY;APARTOLERANCEGROUP;16;1;0;tolerance_group_business_partner_glaccount;STRING
datasphere;I_CUSTOMERCOMPANY;HOUSEBANK;17;1;0;house_bank;STRING
datasphere;I_CUSTOMERCOMPANY;ITEMISTOBEPAIDSEPARATELY;18;1;0;pay_items_separately;STRING
datasphere;I_CUSTOMERCOMPANY;PAYTADVICEISSENTBYEDI;19;1;0;is_payment_advice_by_edi;STRING
datasphere;I_CUSTOMERCOMPANY;PHYSICALINVENTORYBLOCKIND;20;1;0;central_posting_block;STRING
datasphere;I_CUSTOMERCOMPANY;USERATCUSTOMER;21;1;0;user_at_customer;STRING
datasphere;I_CUSTOMERCOMPANY;ACCOUNTINGCLERKPHONENUMBER;22;1;0;accounting_clerk_telephone_number;STRING
datasphere;I_CUSTOMERCOMPANY;ACCOUNTINGCLERKFAXNUMBER;23;1;0;accounting_clerk_fax_number;STRING
datasphere;I_CUSTOMERCOMPANY;ACCOUNTINGCLERKINTERNETADDRESS;24;1;0;accounting_clerk_internet_address;STRING
datasphere;I_CUSTOMERCOMPANY;ACCOUNTBYCUSTOMER;25;1;0;account_by_customer;STRING
datasphere;I_CUSTOMERCOMPANY;ISTOBELOCALLYPROCESSED;26;1;0;is_local_processed;STRING
datasphere;I_CUSTOMERCOMPANY;COLLECTIVEINVOICEVARIANT;27;1;0;collective_invoice_variant;STRING
datasphere;I_CUSTOMERCOMPANY;LAYOUTSORTINGRULE;28;1;0;key_for_sorting_rule;STRING
datasphere;I_CUSTOMERCOMPANY;PAYMENTTERMS;29;1;0;terms_of_payment_key;STRING
datasphere;I_CUSTOMERCOMPANY;CUSTOMERSUPPLIERCLEARINGISUSED;30;1;0;customer_vendor_clearing_is_used;STRING
datasphere;I_CUSTOMERCOMPANY;RECORDPAYMENTHISTORYINDICATOR;31;1;0;record_payment_history;STRING
datasphere;I_CUSTOMERCOMPANY;PAYMENTMETHODSLIST;32;1;0;payment_methods_list;STRING
datasphere;I_CUSTOMERCOMPANY;DELETIONINDICATOR;33;1;0;master_record_central_deletion_flag;STRING
datasphere;I_CUSTOMERCOMPANY;CREDITMEMOPAYMENTTERMS;34;1;0;credit_memos_payment_terms;STRING
datasphere;I_CUSTOMERCOMPANY;DUNNINGNOTICEGROUP;35;1;0;dunning_notice_grouping;STRING
datasphere;I_CUSTOMERCOMPANY;LASTINTERESTCALCRUNDATE;36;1;0;last_interest_calculation_date;STRING
datasphere;I_CUSTOMERCOMPANY;CUSTPREVIOUSMASTERRECORDNUMBER;37;1;0;previous_master_record_number;STRING
datasphere;I_CUSTOMERCOMPANY;VALUEADJUSTMENTKEY;38;1;0;value_adjustment_key;STRING
datasphere;I_CUSTOMERCOMPANY;CASHPLANNINGGROUP;39;1;0;planning_group;STRING
datasphere;I_CUSTOMERCOMPANY;SUPPLIERRELEASEGROUP;40;1;0;release_approval_group;STRING
datasphere;I_CUSTOMERCOMPANY;PERSONNELNUMBER;41;1;0;personnel_number;STRING
datasphere;I_CUSTOMERCOMPANY;BUYINGGROUPACCOUNTNUMBER;42;1;0;account_number_of_buying_group;STRING
datasphere;I_CUSTOMERCOMPANY;BILLEXCHCHARGEPAYMENTTERMS;43;1;0;bill_exc_charges_payment_terms;STRING
datasphere;I_CUSTOMERCOMPANY;CHECKPAIDDURATIONINDAYS;44;1;0;time_until_check_is_paid;"DECIMAL(3;0)"
datasphere;I_CUSTOMERCOMPANY;CUSTOMERPAYMENTBLOCKINGREASON;45;1;0;customer_block_key_payment;STRING
datasphere;I_CUSTOMERCOMPANY;PAYMENTMETHODSUPPLEMENT;46;1;0;payment_method_supplement;STRING
datasphere;I_CUSTOMERCOMPANY;ACCTSRECEIVABLEPLEDGINGCODE;47;1;0;accounts_receivable_pledging;STRING
datasphere;I_CUSTOMERCOMPANY;LOCKBOXINTERNALID;48;1;0;lockbox_key;STRING
datasphere;I_CUSTOMERCOMPANY;ISBUSINESSPURPOSECOMPLETED;49;1;0;business_purpose_completed_flag;STRING
datasphere;I_CUSTOMERCOMPANY;WITHHOLDINGTAXCOUNTRY;50;1;0;withholding_tax_country;STRING
datasphere;I_CUSTOMERCOMPANY;KNOWNORNEGOTIATEDLEAVE;51;1;0;known_negotiated_leave;STRING
datasphere;I_CUSTOMERCOMPANY;DELETIONISBLOCKED;52;1;0;deletion_block;STRING
datasphere;I_CUSTOMERCOMPANY;PAYMENTCLEARINGGROUP;53;1;0;payment_clearing_group_id;STRING
datasphere;I_CUSTOMERCOMPANY;PAYMENTREASON;54;1;0;payment_reason;STRING
datasphere;I_CUSTOMERCOMPANY;LASTDUNNEDON;55;1;0;ast_dunning_notice_date;STRING
datasphere;I_CUSTOMERCOMPANY;DUNNINGPROCEDURE;56;1;0;dunning_procedure;STRING
datasphere;I_CUSTOMERCOMPANY;DUNNINGLEVEL;57;1;0;dunning_level;STRING
datasphere;I_CUSTOMERCOMPANY;DUNNINGBLOCK;58;1;0;dunning_block;STRING
datasphere;I_CUSTOMERCOMPANY;DUNNINGRECIPIENT;59;1;0;dunning_recipient;STRING
datasphere;I_CUSTOMERCOMPANY;LEGDUNNINGPROCEDUREON;60;1;0;legal_dunning_proceedings_date;STRING
datasphere;I_CUSTOMERCOMPANY;ISACTIVEENTITY;61;1;0;is_active;STRING
datasphere;I_PRODUCTVALUATIONBASIC;__operation_type;1;0;0;__change_type;STRING
datasphere;I_PRODUCTVALUATIONBASIC;__sequence_number;2;1;0;__sequence_number;"DECIMAL(20;0)"
datasphere;I_PRODUCTVALUATIONBASIC;__timestamp;3;0;0;__extract_timestamp;TIMESTAMP
datasphere;I_PRODUCTVALUATIONBASIC;PRODUCT;4;0;1;product_number;STRING
datasphere;I_PRODUCTVALUATIONBASIC;VALUATIONAREA;5;0;1;valuation_area;STRING
datasphere;I_PRODUCTVALUATIONBASIC;VALUATIONTYPE;6;0;1;valuation_type;STRING
datasphere;I_PRODUCTVALUATIONBASIC;VALUATIONCLASS;7;1;0;valuation_class;STRING
datasphere;I_PRODUCTVALUATIONBASIC;PRICEDETERMINATIONCONTROL;8;1;0;price_determination_control;STRING
datasphere;I_PRODUCTVALUATIONBASIC;FISCALMONTHCURRENTPERIOD;9;1;0;fiscal_month_current_period;STRING
datasphere;I_PRODUCTVALUATIONBASIC;FISCALYEARCURRENTPERIOD;10;1;0;fiscal_year_current_period;STRING
datasphere;I_PRODUCTVALUATIONBASIC;STANDARDPRICE;11;1;0;standard_price;DECFLOAT34
datasphere;I_PRODUCTVALUATIONBASIC;PRICEUNITQTY;12;1;0;price_unit_qty;"DECIMAL(5;0)"
datasphere;I_PRODUCTVALUATIONBASIC;INVENTORYVALUATIONPROCEDURE;13;1;0;inventory_valuation_procedure;STRING
datasphere;I_PRODUCTVALUATIONBASIC;FUTUREPRICEVALIDITYSTARTDATE;14;1;0;future_price_validity_startdate;STRING
datasphere;I_PRODUCTVALUATIONBASIC;PREVINVTRYPRICEINCOCODECRCY;15;1;0;prev_invtry_price_inco_code_crcy;DECFLOAT34
datasphere;I_PRODUCTVALUATIONBASIC;MOVINGAVERAGEPRICE;16;1;0;moving_average_price;DECFLOAT34
datasphere;I_PRODUCTVALUATIONBASIC;VALUATIONCATEGORY;17;1;0;valuation_category;STRING
datasphere;I_PRODUCTVALUATIONBASIC;PRODUCTUSAGETYPE;18;1;0;product_usage_type;STRING
datasphere;I_PRODUCTVALUATIONBASIC;PRODUCTORIGINTYPE;19;1;0;product_origin_type;STRING
datasphere;I_PRODUCTVALUATIONBASIC;ISPRODUCEDINHOUSE;20;1;0;is_produced_in_house;STRING
datasphere;I_PRODUCTVALUATIONBASIC;PRODCOSTESTNUMBER;21;1;0;prod_cost_est_number;STRING
datasphere;I_PRODUCTVALUATIONBASIC;ISMARKEDFORDELETION;22;1;0;deletion_flag;STRING
datasphere;I_PRODUCTVALUATIONBASIC;VALUATIONMARGIN;23;1;0;valuation_margin;"DECIMAL(7;2)"
datasphere;I_PRODUCTVALUATIONBASIC;ISACTIVEENTITY;24;1;0;is_active_entity;STRING
datasphere;I_PRODUCTVALUATIONBASIC;COMPANYCODE;25;1;0;company;STRING
datasphere;I_PRODUCTVALUATIONBASIC;VALUATIONCLASSSALESORDERSTOCK;26;1;0;valuation_class_sales_order_stock;STRING
datasphere;I_PRODUCTVALUATIONBASIC;PROJECTSTOCKVALUATIONCLASS;27;1;0;project_stock_valuation_class;STRING
datasphere;I_PRODUCTVALUATIONBASIC;TAXBASEDPRICESPRICEUNITQTY;28;1;0;tax_based_prices_price_unit_qty;"DECIMAL(5;0)"
datasphere;I_PRODUCTVALUATIONBASIC;PRICELASTCHANGEDATE;29;1;0;price_last_change_date;STRING
datasphere;I_PRODUCTVALUATIONBASIC;FUTUREPRICE;30;1;0;future_price;DECFLOAT34
datasphere;I_PRODUCTVALUATIONBASIC;MAINTENANCESTATUS;31;1;0;maintenance_status;STRING
datasphere;I_PRODUCTVALUATIONBASIC;CURRENCY;32;1;0;currency_key;STRING
datasphere;I_PRODUCTVALUATIONBASIC;BASEUNIT;33;1;0;base_unit;STRING
datasphere;I_PRODUCTVALUATIONBASIC;MLISACTIVEATPRODUCTLEVEL;34;1;0;ml_is_active_at_product_level;STRING
datasphere;I_PRODUCTGROUPTEXT_2;__operation_type;1;0;0;__change_type;STRING
datasphere;I_PRODUCTGROUPTEXT_2;__sequence_number;2;1;0;__sequence_number;"DECIMAL(20;0)"
datasphere;I_PRODUCTGROUPTEXT_2;__timestamp;3;0;0;__extract_timestamp;TIMESTAMP
datasphere;I_PRODUCTGROUPTEXT_2;PRODUCTGROUP;4;0;1;product_group;STRING
datasphere;I_PRODUCTGROUPTEXT_2;LANGUAGE;5;0;1;language_key;STRING
datasphere;I_PRODUCTGROUPTEXT_2;PRODUCTGROUPNAME;6;1;0;product_group_description;STRING
datasphere;I_PRODUCTGROUPTEXT_2;PRODUCTGROUPTEXT;7;1;0;material_group_description;STRING
datasphere;I_CUSTOMERGROUP;__operation_type;1;0;0;__change_type;STRING
datasphere;I_CUSTOMERGROUP;__sequence_number;2;1;0;__sequence_number;"DECIMAL(20;0)"
datasphere;I_CUSTOMERGROUP;__timestamp;3;0;0;__extract_timestamp;TIMESTAMP
datasphere;I_CUSTOMERGROUP;CUSTOMERGROUP;4;0;1;customer_group;STRING
datasphere;I_CUSTOMERGROUPTEXT;__operation_type;1;0;0;__change_type;STRING
datasphere;I_CUSTOMERGROUPTEXT;__sequence_number;2;1;0;__sequence_number;"DECIMAL(20;0)"
datasphere;I_CUSTOMERGROUPTEXT;__timestamp;3;0;0;__extract_timestamp;TIMESTAMP
datasphere;I_CUSTOMERGROUPTEXT;CUSTOMERGROUP;4;0;1;customer_group;STRING
datasphere;I_CUSTOMERGROUPTEXT;LANGUAGE;5;0;1;language_key;STRING
datasphere;I_CUSTOMERGROUPTEXT;CUSTOMERGROUPNAME;6;1;0;customer_group_name;STRING
datasphere;ZREP_ALLOC_CYCLE_T811C;__operation_type;1;0;0;__change_type;STRING
datasphere;ZREP_ALLOC_CYCLE_T811C;__sequence_number;2;1;0;__sequence_number;"DECIMAL(20;0)"
datasphere;ZREP_ALLOC_CYCLE_T811C;__timestamp;3;0;0;__extract_timestamp;TIMESTAMP
datasphere;ZREP_ALLOC_CYCLE_T811C;TAB;4;0;1;table_name;STRING
datasphere;ZREP_ALLOC_CYCLE_T811C;CYCLE;5;0;1;cycle;STRING
datasphere;ZREP_ALLOC_CYCLE_T811C;SDATE;6;0;1;start_date;STRING
datasphere;ZREP_ALLOC_CYCLE_T811C;EDATE;7;0;1;end_date;STRING
datasphere;ZREP_ALLOC_CYCLE_T811C;RSTATUS;8;1;0;r_status;STRING
datasphere;ZREP_ALLOC_CYCLE_T811C;FREQ;9;1;0;frequency;STRING
datasphere;ZREP_ALLOC_CYCLE_T811C;CRDATE;10;1;0;entered_on;STRING
datasphere;ZREP_ALLOC_CYCLE_T811C;PUSER;11;1;0;entered_by;STRING
datasphere;ZREP_ALLOC_CYCLE_T811C;MODDATE;12;1;0;date_last_change;STRING
datasphere;ZREP_ALLOC_CYCLE_T811C;MODUSER;13;1;0;last_changed_by;STRING
datasphere;ZREP_ALLOC_CYCLE_T811C;LASTEXEC;14;1;0;date_last_execution;STRING
datasphere;ZREP_ALLOC_CYCLE_T811C;LEXECBY;15;1;0;last_executed_by;STRING
datasphere;ZREP_ALLOC_CYCLE_T811C;TIMEEXEC;16;1;0;time_last_processing;STRING
datasphere;ZREP_ALLOC_CYCLE_T811C;ITERFLAG;17;1;0;allocation_processing_indicator;STRING
datasphere;ZREP_ALLOC_CYCLE_T811C;ASTATUS;18;1;0;a_status;STRING
datasphere;ZREP_ALLOC_CYCLE_T811C;CYCLESET;19;1;0;set_id;STRING
datasphere;ZREP_ALLOC_CYCLE_T811C;NEGTEST;20;1;0;scale_neg_tracing_factor;STRING
datasphere;ZREP_ALLOC_CYCLE_T811C;ALART;21;1;0;type_of_allocation;STRING
datasphere;ZREP_ALLOC_CYCLE_T811C;IPKNZ;22;1;0;actual_plan_indicator;STRING
datasphere;ZREP_ALLOC_CYCLE_T811C;JOB;23;1;0;undefined_range;STRING
datasphere;ZREP_ALLOC_CYCLE_T811C;KUMUFLAG;24;1;0;cumulative_allocation;STRING
datasphere;ZREP_ALLOC_CYCLE_T811C;XXKUMUFLAG;25;1;0;cumulative_processing_indicator;STRING
datasphere;ZREP_ALLOC_CYCLE_T811C;RCKUMUFLAG;26;1;0;aggregated_processing_indicator;STRING
datasphere;ZREP_ALLOC_CYCLE_T811C;PROC_GROUP;27;1;0;cycle_run_group;STRING
datasphere;ZREP_ALLOC_CYCLE_T811C;SUBSTID;28;1;0;substitution_name;STRING
datasphere;ZREP_ALLOC_CYCLE_T811C;RKE_SPLIT;29;1;0;type_of_value_category;STRING
datasphere;ZREP_ALLOC_CYCLE_T811C;FM_DERIVE;30;1;0;derive_fund_funct_area_receiver;STRING
datasphere;ZREP_ALLOC_CYCLE_T811C;GL_XBILK;31;1;0;balance_sheet_accounts;STRING
datasphere;ZREP_ALLOC_CYCLE_T811C;FM_DERIVE_FONDS;32;1;0;derive_funds_from_recipient;STRING
datasphere;ZREP_ALLOC_CYCLE_T811C;FM_DERIVE_FKBER;33;1;0;derive_funct_area_recipient;STRING
datasphere;ZREP_ALLOC_CYCLE_T811C;FM_DERIVE_GRANT;34;1;0;derive_grant_recipient;STRING
datasphere;ZREP_ALLOC_CYCLE_T811C;FM_DERIVE_BUDPD;35;1;0;derive_budget_period_receiver;STRING
datasphere;ZREP_ALLOC_CYCLE_T811C;GL_LDGRP;36;1;0;ledger_group;STRING
datasphere;ZREP_ALLOC_CYCLE_T811C;PERIOD_LAG;37;1;0;period_shift_active;STRING
datasphere;ZREP_ALLOC_CYCLE_T811C;PERIOD_DELTA;38;1;0;size_period_delta;STRING
datasphere;ZREP_ALLOC_CYCLE_T811C;KALC_PRODPER;39;1;0;derive_production_month;STRING
datasphere;ZREP_ALLOC_CYCLE_T811C;VARIABEL;40;1;0;kalc_variabel;STRING
datasphere;ZREP_ALLOC_CYCLE_T811C;VALUTYP_ALLOC;41;1;0;valuation_in_allocations;STRING
datasphere;ZREP_ALLOC_CYCLE_T811C;NO_SRC_CE;42;1;0;summarize_source_cost_element;STRING
datasphere;ZREP_ALLOC_CYCLE_T811C;CAN_EXEC_FOR_OTHER_LEDGER;43;1;0;can_exec_for_other_ledger;STRING
datasphere;ZREP_ALLOC_CYCLE_T811C;ENABLE_ATTRIBUTED_LINE_ITEMS;44;1;0;enable_attributed_line_items;STRING
datasphere;ZREP_ALLOC_CYCLE_T811C;ENABLE_DELTA_PROCESS;45;1;0;enable_delta_process;STRING
datasphere;ZREP_ALLOC_SEGMENT_T811S;__operation_type;1;0;0;__change_type;STRING
datasphere;ZREP_ALLOC_SEGMENT_T811S;__sequence_number;2;1;0;__sequence_number;"DECIMAL(20;0)"
datasphere;ZREP_ALLOC_SEGMENT_T811S;__timestamp;3;0;0;__extract_timestamp;TIMESTAMP
datasphere;ZREP_ALLOC_SEGMENT_T811S;TAB;4;0;1;table_name;STRING
datasphere;ZREP_ALLOC_SEGMENT_T811S;CYCLE;5;0;1;cycle;STRING
datasphere;ZREP_ALLOC_SEGMENT_T811S;SDATE;6;0;1;start_date;STRING
datasphere;ZREP_ALLOC_SEGMENT_T811S;SEQNR;7;0;1;segment_number;STRING
datasphere;ZREP_ALLOC_SEGMENT_T811S;NAME;8;1;0;segment_name;STRING
datasphere;ZREP_ALLOC_SEGMENT_T811S;SEQPOS;9;1;0;item_of_segment;STRING
datasphere;ZREP_ALLOC_SEGMENT_T811S;SRULE;10;1;0;distribution_rule_sender;STRING
datasphere;ZREP_ALLOC_SEGMENT_T811S;RRULE;11;1;0;distribution_rule_receiver;STRING
datasphere;ZREP_ALLOC_SEGMENT_T811S;ACTIVE;12;1;0;segment_locked;STRING
datasphere;ZREP_ALLOC_SEGMENT_T811S;NEGTEST;13;1;0;scale_neg_tracing_factors;STRING
datasphere;ZREP_ALLOC_SEGMENT_T811S;SCSET;14;1;0;set_id_1;STRING
datasphere;ZREP_ALLOC_SEGMENT_T811S;SSET;15;1;0;set_id_2;STRING
datasphere;ZREP_ALLOC_SEGMENT_T811S;RSET;16;1;0;set_id_3;STRING
datasphere;ZREP_ALLOC_SEGMENT_T811S;RCSET;17;1;0;set_id_4;STRING
datasphere;ZREP_ALLOC_SEGMENT_T811S;SPERCENT;18;1;0;sender_percentage;"DECIMAL(5;2)"
datasphere;ZREP_ALLOC_SEGMENT_T811S;SFFELD1;19;1;0;s_fixed_amount_1;STRING
datasphere;ZREP_ALLOC_SEGMENT_T811S;SFFELD2;20;1;0;s_fixed_amount_2;STRING
datasphere;ZREP_ALLOC_SEGMENT_T811S;SFFELD3;21;1;0;s_fixed_amount_3;STRING
datasphere;ZREP_ALLOC_SEGMENT_T811S;SFFELD4;22;1;0;s_fixed_amount_4;STRING
datasphere;ZREP_ALLOC_SEGMENT_T811S;SFFELD5;23;1;0;s_fixed_amount_5;STRING
datasphere;ZREP_ALLOC_SEGMENT_T811S;SFFELD6;24;1;0;s_fixed_amount_6;STRING
datasphere;ZREP_ALLOC_SEGMENT_T811S;SFFELD7;25;1;0;s_fixed_amount_7;STRING
datasphere;ZREP_ALLOC_SEGMENT_T811S;SFFELD8;26;1;0;s_fixed_amount_8;STRING
datasphere;ZREP_ALLOC_SEGMENT_T811S;SFFELD9;27;1;0;s_fixed_amount_9;STRING
datasphere;ZREP_ALLOC_SEGMENT_T811S;SFFELD10;28;1;0;s_fixed_amount_10;STRING
datasphere;ZREP_ALLOC_SEGMENT_T811S;FACURR;29;1;0;currency_key_allocations;STRING
datasphere;ZREP_ALLOC_SEGMENT_T811S;RFFELD1;30;1;0;r_fixed_amount_1;STRING
datasphere;ZREP_ALLOC_SEGMENT_T811S;RFFELD2;31;1;0;r_fixed_amount_2;STRING
datasphere;ZREP_ALLOC_SEGMENT_T811S;RFFELD3;32;1;0;r_fixed_amount_3;STRING
datasphere;ZREP_ALLOC_SEGMENT_T811S;RFFELD4;33;1;0;r_fixed_amount_4;STRING
datasphere;ZREP_ALLOC_SEGMENT_T811S;RFFELD5;34;1;0;r_fixed_amount_5;STRING
datasphere;ZREP_ALLOC_SEGMENT_T811S;RFFELD6;35;1;0;r_fixed_amount_6;STRING
datasphere;ZREP_ALLOC_SEGMENT_T811S;RFFELD7;36;1;0;r_fixed_amount_7;STRING
datasphere;ZREP_ALLOC_SEGMENT_T811S;RFFELD8;37;1;0;r_fixed_amount_8;STRING
datasphere;ZREP_ALLOC_SEGMENT_T811S;RFFELD9;38;1;0;r_fixed_amount_9;STRING
datasphere;ZREP_ALLOC_SEGMENT_T811S;RFFELD10;39;1;0;r_fixed_amount_10;STRING
datasphere;ZREP_ALLOC_SEGMENT_T811S;SCIP;40;1;0;origin_plan_actual;STRING
datasphere;ZREP_ALLOC_SEGMENT_T811S;RCDATA;41;1;0;data_field_definition;STRING
datasphere;ZREP_ALLOC_SEGMENT_T811S;ASACC;42;1;0;assessment_cost_element;STRING
datasphere;ZREP_ALLOC_SEGMENT_T811S;PAFLDF;43;1;0;value_field_name_fixed_cost;STRING
datasphere;ZREP_ALLOC_SEGMENT_T811S;PAFLDG;44;1;0;value_field_name_variable_cost;STRING
datasphere;ZREP_ALLOC_SEGMENT_T811S;RRFELD1;45;1;0;account_assignment_field;STRING
datasphere;ZREP_ALLOC_SEGMENT_T811S;SORTFIELD;46;1;0;segment_sort_field;STRING
datasphere;ZREP_ALLOC_SEGMENT_T811S;SENDER_NOT;47;1;0;sender_not;STRING
datasphere;ZREP_ALLOC_SEGMENT_T811S;MRULE;48;1;0;manipulation_rule;STRING
datasphere;ZREP_ALLOC_SEGMENT_T811S;ABSCH;49;1;0;structure_for_settlement;STRING
datasphere;ZREP_ALLOC_SEGMENT_T811S;ERSCH;50;1;0;pa_transfer_structure;STRING
datasphere;ZREP_ALLOC_SEGMENT_T811S;SWEIGHT_FACT;51;1;0;decimal_places_factor_sender;STRING
datasphere;ZREP_ALLOC_SEGMENT_T811S;RWEIGHT_FACT;52;1;0;decimal_places_factor_receiver;STRING
datasphere;ZREP_CUSTOMERHIERARCHY;__operation_type;1;0;0;__change_type;STRING
datasphere;ZREP_CUSTOMERHIERARCHY;__sequence_number;2;1;0;__sequence_number;"DECIMAL(20;0)"
datasphere;ZREP_CUSTOMERHIERARCHY;__timestamp;3;0;0;__extract_timestamp;TIMESTAMP
datasphere;ZREP_CUSTOMERHIERARCHY;HITYP;4;0;1;customer_hierarchy_type;STRING
datasphere;ZREP_CUSTOMERHIERARCHY;KUNNR;5;0;1;customer;STRING
datasphere;ZREP_CUSTOMERHIERARCHY;VKORG;6;0;1;sales_organization;STRING
datasphere;ZREP_CUSTOMERHIERARCHY;VTWEG;7;0;1;distribution_channel;STRING
datasphere;ZREP_CUSTOMERHIERARCHY;SPART;8;0;1;division;STRING
datasphere;ZREP_CUSTOMERHIERARCHY;DATAB;9;0;1;start_validity_assignment;STRING
datasphere;ZREP_CUSTOMERHIERARCHY;DATBI;10;1;0;end_validity_assignment;STRING
datasphere;ZREP_CUSTOMERHIERARCHY;HKUNNR;11;1;0;customer_higher_hierarchy;STRING
datasphere;ZREP_CUSTOMERHIERARCHY;HVKORG;12;1;0;higher_sales_organization;STRING
datasphere;ZREP_CUSTOMERHIERARCHY;HVTWEG;13;1;0;higher_distribution_channel;STRING
datasphere;ZREP_CUSTOMERHIERARCHY;HSPART;14;1;0;higher_division;STRING
datasphere;ZREP_CUSTOMERHIERARCHY;GRPNO;15;1;0;routine_number_copy;STRING
datasphere;ZREP_CUSTOMERHIERARCHY;BOKRE;16;1;0;rebate_relevant_customer;STRING
datasphere;ZREP_CUSTOMERHIERARCHY;PRFRE;17;1;0;id_price_determination;STRING
datasphere;ZREP_CUSTOMERHIERARCHY;HZUOR;18;1;0;hierarchy_assignment;STRING
datasphere;ZREP_CUSTOMERHIERARCHY;NODE_GUID;19;1;0;guid_customer_hierarchy_node;STRING
datasphere;ZREP_CUSTOMERHIERARCHY;NODE_ID;20;1;0;id_customer_hierarchy_node;STRING
datasphere;ZREP_CUSTOMERHIERARCHY;HITYP;1;0;1;customer_hierarchy_type;STRING
datasphere;ZREP_CUSTOMERHIERARCHY;KUNNR;2;0;1;customer;STRING
datasphere;ZREP_CUSTOMERHIERARCHY;VKORG;3;0;1;sales_organization;STRING
datasphere;ZREP_CUSTOMERHIERARCHY;VTWEG;4;0;1;distribution_channel;STRING
datasphere;ZREP_CUSTOMERHIERARCHY;SPART;5;0;1;division;STRING
datasphere;ZREP_CUSTOMERHIERARCHY;DATAB;6;0;1;start_validity_assignment;STRING
datasphere;ZREP_CUSTOMERHIERARCHY;DATBI;7;1;0;end_validity_assignment;STRING
datasphere;ZREP_CUSTOMERHIERARCHY;HKUNNR;8;1;0;customer_higher_hierarchy;STRING
datasphere;ZREP_CUSTOMERHIERARCHY;HVKORG;9;1;0;higher_sales_organization;STRING
datasphere;ZREP_CUSTOMERHIERARCHY;HVTWEG;10;1;0;higher_distribution_channel;STRING
datasphere;ZREP_CUSTOMERHIERARCHY;HSPART;11;1;0;higher_division;STRING
datasphere;ZREP_CUSTOMERHIERARCHY;GRPNO;12;1;0;routine_number_copy;STRING
datasphere;ZREP_CUSTOMERHIERARCHY;BOKRE;13;1;0;rebate_relevant_customer;STRING
datasphere;ZREP_CUSTOMERHIERARCHY;PRFRE;14;1;0;id_price_determination;STRING
datasphere;ZREP_CUSTOMERHIERARCHY;HZUOR;15;1;0;hierarchy_assignment;STRING
datasphere;ZREP_CUSTOMERHIERARCHY;NODE_GUID;16;1;0;guid_customer_hierarchy_node;STRING
datasphere;ZREP_CUSTOMERHIERARCHY;NODE_ID;17;1;0;id_customer_hierarchy_node;STRING
datasphere;ZREP_MM_MATEVAL;__operation_type;1;0;0;__change_type;STRING
datasphere;ZREP_MM_MATEVAL;__sequence_number;2;1;0;__sequence_number;"DECIMAL(20;0)"
datasphere;ZREP_MM_MATEVAL;__timestamp;3;0;0;__extract_timestamp;TIMESTAMP
datasphere;ZREP_MM_MATEVAL;MATERIAL_NUMBER;4;0;1;material_number;STRING
datasphere;ZREP_MM_MATEVAL;VALUATION_AREA;5;0;1;valuation_area;STRING
datasphere;ZREP_MM_MATEVAL;VALUATION_TYPE;6;0;1;valuation_type;STRING
datasphere;ZREP_MM_MATEVAL;DELETION_FLAG;7;1;0;deletion_flag;STRING
datasphere;ZREP_MM_MATEVAL;TOTAL_VALUATED_STOCK;8;1;0;total_valuated_stock;"DECIMAL(13;3)"
datasphere;ZREP_MM_MATEVAL;TOTAL_STOCK_VALUE;9;1;0;total_stock_value;DECFLOAT34
datasphere;ZREP_MM_MATEVAL;PRICE_CONTROL_INDICATOR;10;1;0;price_control_indicator;STRING
datasphere;ZREP_MM_MATEVAL;MOVING_AVERAGE_PRICE;11;1;0;moving_average_price;DECFLOAT34
datasphere;ZREP_MM_MATEVAL;STANDARD_PRICE;12;1;0;standard_price;DECFLOAT34
datasphere;ZREP_MM_MATEVAL;PRICE_UNIT;13;1;0;price_unit;"DECIMAL(5;0)"
datasphere;ZREP_MM_MATEVAL;VALUATION_CLASS;14;1;0;valuation_class;STRING
datasphere;ZREP_MM_MATEVAL;PREVIOUS_PERIOD_STOCK;15;1;0;previous_period_stock;"DECIMAL(13;3)"
datasphere;ZREP_MM_MATEVAL;PREVIOUS_PERIOD_STOCK_VALUE;16;1;0;previous_period_stock_value;DECFLOAT34
datasphere;ZREP_MM_MATEVAL;FISCAL_YEAR;17;1;0;fiscal_year;STRING
datasphere;ZREP_MM_MATEVAL;FISCAL_PERIOD;18;1;0;fiscal_period;STRING
datasphere;ZREP_MM_MATEVAL;VALUATION_CATEGORY;19;1;0;valuation_category;STRING
datasphere;ZREP_MM_MATEVAL;PREVIOUS_PRICE;20;1;0;previous_price;DECFLOAT34
datasphere;ZREP_MM_MATEVAL;LAST_PRICE_CHANGE_DATE;21;1;0;last_price_change_date;STRING
datasphere;ZREP_MM_MATEVAL;FUTURE_PRICE;22;1;0;future_price;DECFLOAT34
datasphere;ZREP_MM_MATEVAL;VALID_FROM_DATE;23;1;0;valid_from_date;STRING
datasphere;ZREP_MM_MATEVAL;LAST_CHANGE_TIMESTAMP;24;1;0;last_change_timestamp;"DECIMAL(15;0)"
datasphere;ZREP_MM_MATEVAL;VALUATION_PRICE_TAX;25;1;0;valuation_price_tax;DECFLOAT34
datasphere;ZREP_MM_MATEVAL;VALUATION_PRICE_COMMERCIAL;26;1;0;valuation_price_commercial;DECFLOAT34
datasphere;ZREP_MM_MATEVAL;STANDARD_COST_ESTIMATE_CURRENT;27;1;0;standard_cost_estimate_current;STRING
datasphere;ZREP_MM_MATEVAL;STND_COST_ESTIMATE_PREVIOUS;28;1;0;stnd_cost_estimate_previous;STRING
datasphere;ZREP_MM_MATEVAL;STANDARD_COST_ESTIMATE_FUTURE;29;1;0;standard_cost_estimate_future;STRING
datasphere;ZREP_MM_MATEVAL;LIFO_FIFO_RELEVANT;30;1;0;lifo_fifo_relevant;STRING
datasphere;ZREP_MM_MATEVAL;LIFO_POOL_NUMBER;31;1;0;lifo_pool_number;STRING
datasphere;ZREP_MM_MATEVAL;LOWEST_VALUE_INDICATOR;32;1;0;lowest_value_indicator;STRING
datasphere;ZREP_MM_MATEVAL;MAINTENANCE_STATUS;33;1;0;maintenance_status;STRING
datasphere;ZREP_MM_MATEVAL;COST_ESTIMATE_NUMBER;34;1;0;cost_estimate_number;STRING
datasphere;ZREP_MM_MATEVAL;COST_ESTIMATE_WITHOUT_QTY_STRU;35;1;0;cost_estimate_without_quantity;STRING
datasphere;ZREP_MM_MATEVAL;VALUATION_VARIANT_FUTURE;36;1;0;valuation_variant_future;STRING
datasphere;ZREP_MM_MATEVAL;VALUATION_VARIANT_CURRENT;37;1;0;valuation_variant_current;STRING
datasphere;ZREP_MM_MATEVAL;VALUATION_VARIANT_PREVIOUS;38;1;0;valuation_variant_previous;STRING
datasphere;ZREP_MM_MATEVAL;COSTING_VERSION_FUTURE;39;1;0;costing_version_future;STRING
datasphere;ZREP_MM_MATEVAL;COSTING_VERSION_CURRENT;40;1;0;costing_version_current;STRING
datasphere;ZREP_MM_MATEVAL;COSTING_VERSION_PREVIOUS;41;1;0;costing_version_previous;STRING
datasphere;ZREP_MM_MATEVAL;ORIGIN_GROUP;42;1;0;origin_group;STRING
datasphere;ZREP_MM_MATEVAL;OVERHEAD_GROUP;43;1;0;overhead_group;STRING
datasphere;ZREP_MM_MATEVAL;COSTED_WITH_QTY_STRUCTURE;44;1;0;costed_with_quantity;STRING
datasphere;ZREP_MM_MATEVAL;PREVIOUS_PLANNED_PRICE;45;1;0;previous_planned_price;DECFLOAT34
datasphere;ZREP_MM_MATEVAL;MATERIAL_LEDGER_ACTIVE;46;1;0;material_ledger_active;STRING
datasphere;ZREP_MM_MATEVAL;PRICE_DETERMINATION_CONTROL;47;1;0;price_determination_control;STRING
datasphere;ZREP_MM_MATEVAL;CURRENT_PLANNED_PRICE;48;1;0;current_planned_price;DECFLOAT34
datasphere;ZREP_MM_MATEVAL;SALES_PRICE_STOCK_VALUE;49;1;0;sales_price_stock_value;DECFLOAT34
datasphere;ZREP_MM_MATEVAL;ORIGIN_OF_MATERIAL;50;1;0;origin_of_material;STRING
datasphere;ZREP_MM_MATEVAL;PHYSICAL_INVENTORY_BLOCK;51;1;0;physical_inventory_block;STRING
datasphere;ZREP_MM_MATEVAL;VALUE_ONLY_MATERIAL;52;1;0;value_only_material;STRING
datasphere;ZREP_MM_MATEVAL;LAST_INVENTORY_DATE;53;1;0;last_inventory_date;STRING
datasphere;ZREP_MM_MATEVAL;CYCLE_COUNTING_INDICATOR;54;1;0;cycle_counting_indicator;STRING
datasphere;ZREP_MM_MATEVAL;VALUATION_MARGIN;55;1;0;valuation_margin;"DECIMAL(7;2)"
datasphere;ZREP_MM_MATEVAL;FIXED_PART_CURRENT_PLAN_PRICE;56;1;0;fixed_part_current_plan_price;DECFLOAT34
datasphere;ZREP_MM_MATEVAL;FIXED_PART_PREVIOUS_PLAN_PRICE;57;1;0;fixed_part_previous_plan_price;DECFLOAT34
datasphere;ZREP_MM_MATEVAL;FIXED_PART_FUTURE_PLAN_PRICE;58;1;0;fixed_part_future_plan_price;DECFLOAT34
datasphere;ZREP_MM_MATEVAL;VALUATION_STRATEGY_CURRENT;59;1;0;valuation_strategy_current;STRING
datasphere;ZREP_MM_MATEVAL;VALUATION_STRATEGY_PREVIOUS;60;1;0;valuation_strategy_previous;STRING
datasphere;ZREP_MM_MATEVAL;VALUATION_STRATEGY_FUTURE;61;1;0;valuation_strategy_future;STRING
datasphere;ZREP_MM_MATEVAL;VALUATION_CLASS_SALES_ORDER;62;1;0;valuation_class_sales_order;STRING
datasphere;ZREP_MM_MATEVAL;VALUATION_CLASS_PROJECT;63;1;0;valuation_class_project;STRING
datasphere;ZREP_MM_MATEVAL;MATERIAL_USAGE;64;1;0;material_usage;STRING
datasphere;ZREP_MM_MATEVAL;MATERIAL_ORIGIN;65;1;0;material_origin;STRING
datasphere;ZREP_MM_MATEVAL;PRODUCED_IN_HOUSE;66;1;0;produced_in_house;STRING
datasphere;ZREP_MM_MATEVAL;VALUATION_IN_ALT_UOM;67;1;0;valuation_in_alt_uom;STRING
datasphere;ZREP_MM_MATEVAL;PRICE_UNIT_VALUATION;68;1;0;price_unit_valuation;"DECIMAL(5;0)"
datasphere;ZREP_MM_MATEVAL;VALUATION_CLASS_VENDOR_STOCK;69;1;0;valuation_class_vendor_stock;STRING
datasphere;ZREP_MM_MATEVAL;PREPAID_INVENTORY;70;1;0;prepaid_inventory;STRING
datasphere;ZREP_PRODUCTHIERARCHY;__operation_type;1;0;0;__change_type;STRING
datasphere;ZREP_PRODUCTHIERARCHY;__sequence_number;2;1;0;__sequence_number;"DECIMAL(20;0)"
datasphere;ZREP_PRODUCTHIERARCHY;__timestamp;3;0;0;__extract_timestamp;TIMESTAMP
datasphere;ZREP_PRODUCTHIERARCHY;PRODH;4;0;1;product_hierarchy;STRING
datasphere;ZREP_PRODUCTHIERARCHY;STUFE;5;1;0;level_in_product_hierarchy;STRING
datasphere;ZREP_PRODUCTHIERARCHYTEXT;__operation_type;1;0;0;__change_type;STRING
datasphere;ZREP_PRODUCTHIERARCHYTEXT;__sequence_number;2;1;0;__sequence_number;"DECIMAL(20;0)"
datasphere;ZREP_PRODUCTHIERARCHYTEXT;__timestamp;3;0;0;__extract_timestamp;TIMESTAMP
datasphere;ZREP_PRODUCTHIERARCHYTEXT;SPRAS;4;0;1;language_key;STRING
datasphere;ZREP_PRODUCTHIERARCHYTEXT;PRODH;5;0;1;product_hierarchy;STRING
datasphere;ZREP_PRODUCTHIERARCHYTEXT;VTEXT;6;1;0;description;STRING
datasphere;ZREP_WORKCENTERTEXT;__operation_type;1;0;0;__change_type;STRING
datasphere;ZREP_WORKCENTERTEXT;__sequence_number;2;1;0;__sequence_number;"DECIMAL(20;0)"
datasphere;ZREP_WORKCENTERTEXT;__timestamp;3;0;0;__extract_timestamp;TIMESTAMP
datasphere;ZREP_WORKCENTERTEXT;OBJTY;4;0;1;object_type;STRING
datasphere;ZREP_WORKCENTERTEXT;OBJID;5;0;1;object_id;STRING
datasphere;ZREP_WORKCENTERTEXT;SPRAS;6;0;1;language;STRING
datasphere;ZREP_WORKCENTERTEXT;AEDATTEXT;7;1;0;change_date_text;STRING
datasphere;ZREP_WORKCENTERTEXT;AENAMTEXT;8;1;0;changed_by_user_text;STRING
datasphere;ZREP_WORKCENTERTEXT;KTEXT;9;1;0;short_text;STRING
datasphere;ZREP_WORKCENTERTEXT;KTEXTUP;10;1;0;short_text_uppercase;STRING
